1,"1)วินิจฉัยโรคผิด/ล่าช้า ทำให้ผู้ป่วยอาการทรุดลง, ได้รับผลเสีย",1
2,2)ไม่สามารถตรวจพบวิกฤติที่เกิดกับผู้ป่วยได้ทันท่วงที,1
3,3)ไม่สามารถแก้ไขวิกฤติได้อย่างเหมาะสม,1
4,4)ผู้ป่วยไม่ได้รับการผ่าตัดในเวลาที่เหมาะสมทั้งที่มีข้อบ่งชี้,1
5,5)ผู้ป่วยเกิดภาวะแทรกซ้อนได้รับบาดเจ็บจากการรักษา,1
6,6)ผู้ป่วยเสียชีวิตจากการรักษา,1
7,7)ผู้ป่วยที่มีความรุนแรงไม่ได้รับการตรวจจากแพทย์ในเวลาที่เหมาะสม,1
8,8)ให้การบำบัดรักษาผิดคน เนื่องจากไม่มีการ Identify อย่างเหมาะสม,1
9,9)มีการทำหัตถการนอกเหนือจากผู้ป่วย/ญาติรับทราบขณะให้การยินยอม,1
10,10)Admit ผิดจุด/ผิดขั้นตอน,1
11,11)Re-Admit ด้วยโรคเดิมใน 7 วัน,1
12,"12)ผู้ป่วยได้รับอาหารไม่ถูกต้อง, ไม่เหมาะสมกับโรค",1
13,"13)ระบบก๊าซทางการแพทย์ขัดข้อง, ออกซิเจนขาดสต๊อก",1
14,14)คำนวณปริมาณรังสีผิดพลาด,1
15,15)ข้อมูล lantis ผิดพลาด,1
16,16)กำหนดขอบเขตการรักษาผิดพลาด,1
17,17)เขียนใบplanning ผิด,1
18,18)นักฟิสิกส์ไม่ลง Lantis,1
19,19)ฉายรังสีคลาดเคลื่อน,1
20,20)อื่น ๆ,1
21,1)ไม่ได้ให้ยาแก่ผู้ป่วย,2
22,2)ขนาดยามากไป,2
23,3)ขนาดยาน้อยไป,2
24,4)ความแรงหรือความเข็มข้นของยา ,2
25,5)ให้ยา/สารน้ำทั้งที่มีข้อห้าม,2
26,6)ยาผิดชนิด,2
27,7)รูปแบบยาผิด,2
28,8)เทคนิดการให้ยาผิด,2
29,9)อัตราการให้ยาผิด เร็วไป,2
30,10)อัตราการให้ยาผิด ช้าไป,2
31,11)ระยะเวลาในการให้ยาผิด ยาวไป,2
32,12)ระยะเวลาในการให้ยาผิด สั้นไป,2
33,13)ให้ยาแก่ผู้ป่วยผิดเวลา,2
34,14)ให้ยาผิดคน(ผุ้ป่วย),2
35,15)การติดตามผู้ป่วยไม่เหมาะสม,2
36,16)ให้สารน้ำผิดชนิด/Rate/เวลา,2
37,17)ได้รับยาหมดอายุ,2
38,"18) ภาวะแทรกซ้อนจากยา, สารน้ำ,เลือด",2
39,19) การรับคำสั่ง/คัดลอกคำสั่งผิดพลาด,2
40,20) ให้เลือดผิดคน,2
41,21)อื่นๆ,2
42,1)ผ่าตัดผิดคน/ผิดข้าง/ผิดตำแหน่ง,3
43,2)ผ่าตัดซ้ำโดยไม่ได้วางแผน,3
44,3)ภาวะแทรกซ้อนจากการผ่าตัด/ระงับความรู้สึก,3
45,"4)ทิ้งเครื่องมือ,ก๊อสไว้ในผู้ป่วย",3
46,5)เสียชีวิตจากการผ่าตัด/ระงับความรู้สึก,3
47,6)ตัดอวัยวะออกโดยไม่ได้วางแผน,3
48,7)ผ่าตัดถูกอวัยวะใกล้เคียงจนต้องซ่อมแซม,3
49,8)เตรียมผู้ป่วยส่งผ่าตัดไม่ครบถ้วน,3
50,9)เตรียมผ่าตัดไม่พร้อม,3
51,10)อื่น ๆ,3
52,1)ถูกเข็มทิ่มตำ,4
53,"2)เจ้าหน้าที่,บาดเจ็บ,ได้รับอันตราย หรือเจ็บป่วยจากการทำงาน",4
54,"4)การทำร้ายร่างการผู้ป่วย, ญาติ, เจ้าหน้าที่",4
55,"5)โจรกรรม,ลักขโมย",4
56,"6)ถูกคุกคาม, ข่มขู่",4
57,5)อื่น ๆ,4
58,1)เจ้าหน้าที่ติดเชื้อจากการปฏิบัติงาน,5
59,2)เจ้าหน้าที่แพร่เชื้อให้ผู้ป่วย,5
60,3)การทำให้ปราศจากเชื้อไม่มีประสิทธิภาพ,5
61,4)มีการระบาดของการติดเชื้อในโรงพยาบาล,5
62,5)เจ้าหน้าที่ไม่ปฏิบัติตามหลัก UP/IP,5
63,6)ทิ้งขยะติดเชื้อไม่ถูกต้อง,5
64,1)ผู้ป่วย/ญาติ/ผู้รับบริการ้องเรียน,6
141,10)อื่นๆ(PE),14
65,2)ผู้ป่วย/ญาติ/ผู้รับบริการไม่พึงพอใจ,6
66,3)ไม่สมัครใจอยู่โรงพยาบาล ปฏิเสธการรักษา,6
67,4)ผู้ป่วยหนีกลับ,6
68,5) อื่น ๆ ,6
69,"1)หลังคารั่วซึม,ชำรุด",7
70,"2)อาคารชำรุด,แตก,ร้าว",7
71,"3)สิ่งแวดล้อมเป็นอันตราย, ปนเปื้อน",7
72,"4)อุบัติเหตุไฟไหม้,ไฟช้อต,รั่ว",7
73,5)น้ำประปาไม่ไหล/ท่อประปาแตก,7
74,6)ไฟฟ้าดับ ระบบไฟฟ้าสำรองขัดข้อง,7
75,"7)ระบบท่อระบาย/บำบัดน้ำเสียขัดข้อง, ชำรุด",7
76,8)อื่น ๆ ,7
77,"1)ไม่มีเครื่องมือ,อุปกรณ์ไม่พอใช้",8
78,"2)เครื่องมือ,อุปกรณ์ไม่พร้อมใช้ (ขัดข้องขณะใช้งาน/ไม่ทำงาน/ทำงานผิดปกติ/ไม่ Sterile)",8
79,3)ได้รับอันตราย/บาดเจ็บจากเครื่องมือ,8
80,4)เจ้าหน้าที่ใช้เครื่องมือไม่เป็น,8
81,5)อื่น ๆ ,8
82,1)ไม่รายงานแพทย์,9
83,2)รายงานแพทย์ไม่ได้/แพทย์ไม่ตอบ,9
84,3)ตามเจ้าหน้าที่รับผิดชอบไม่ได้,9
85,4)ปฏิบัติไม่ถูกต้องตามคำสั่ง,9
86,5)ใบยินยอมไม่ตรงกับหัตถการ,9
87,6)ทำหัตถการโดยไม่มีใบยินยอม/ใบยินยอมไม่สมบูรณ์,9
88,7)เกิดปัญหาข้อขัดข้องจากการติดต่อสื่อสารผิดพลาด,9
89,8)ด้วยวาจา,9
90,9)การคัดลอก/แปลคำสั่งใช้ยาผิด,9
91,10)การเขียนคำสั่งใช้ยา อ่านราย,9
92,11)การเขียนคำสั่งใช้ยา ใช้ตัย่,9
93,12)การเขียนคำสั่งใช้ยา ใช้หน่ว,9
94,13)การเขียนคำสั่งใช้ยา มีศูนย์,9
95,14)การคัดลอกข้อมูลการรักษาผิดพ,9
96,15)การเขียนคำสั่งใช้ยา ไม่มีจุ,9
97,16)การเขียนคำสั่งใช้ยา อ่านผิด,9
98,17)บุคลากรขาดความรู้,9
99,18)บุคลากร คำนวณยาหรืออัตราการ,9
100,19)บุคลากร คอมพิวเตอร์ผิดพลาด,9
101,20)บุคลากร คัดลอกคำสั่งใช้ยาผิด,9
102,21)บุคลากร การปฏิบัติงานบกพร่อง,9
103,22)บุคลากร การเตรียมการผิดพลาด,9
104,23)ปัจจัยส่งเสริมเชิงระบบ แสงส,9
105,24)ปัจจัยส่งเสริมเชิงระบบ การฝ,9
106,25)ปัจจัยส่งเสริมเชิงระบบ ระบบ,9
107,26)ปัจจัยส่งเสริมเชิงระบบ ขาดน,9
108,27)ปัจจัยส่งเสริมเชิงระบบ การข,9
109,28)ปัจจัยส่งเสริมเชิงระบบ บุคล,9
110,29)แฟ้มฉายรังสีหาไม่พบ,9
111,30) ไม่ปฏิบัติหน้าที่,9
112,31) อื่น ๆ ,9
113,1)ลื่นหกล้ม,10
114,2)ตกจากเตียง/เก้าอี้/โต๊ะ/ม้านั่ง,10
115,3)พลัดตกขณะเคลื่อนย้าย,10
116,4)เครืองรัดตรึงหลุด,10
117,5)พบว่านอนออยู่บนพื้น,10
118,6)ปีนข้าม/ลอดหลุดไม้กั้นเตียง,10
119,7) อื่น ๆ,10
120,1)การใช้งบประมาณไม่เป็นไปตามกำหนดเวลา,11
121,2)การเบิก/จ่ายเงิน ผิดพลาดล่าช้า,11
122,3)อื่น ๆ ,11
123,1)ไม่ได้รับยา,12
124,2)ตัวยาผิด,12
125,3)รูปแบบยาผิด,12
126,4)ขนาดยาผิด,12
127,5)สารน้ำผิด,12
128,6)วิธีใช้ผิด,12
129,7)จำนวนผิด,12
130,8)ผู้ป่วยผิดคนที่ถูกต้องคือHN,12
131,9)ผิดเวลา,12
132,1)ไม่ได้รับยา(PE) ,14
133,2)ตัวยาผิด(PE),14
134,3)รูปแบบยาผิด(PE),14
135,4)ขนาดยาผิด(PE),14
136,5)สารน้ำผิด(PE),14
137,6)วิธีใช้ผิด(PE),14
138,7)จำนวนผิด(PE),14
139,8)ผู้ป่วยผิดคนที่ถูกต้องคือHN,14
140,9)ผิดเวลา(PE),14
142,1)ไม่ได้รับยา(PDE),15
143,2)ตัวยาผิด(PDE),15
144,3)รูปแบบยาผิด(PDE),15
145,4)ขนาดยาผิด(PDE),15
146,5)สารน้ำผิด(PDE),15
147,6)วิธีใช้ผิด(PDE),15
148,7)จำนวนผิด(PDE),15
149,8)ผู้ป่วยผิดคนที่ถูกต้องคือHN,15
150,9)ผิดเวลา(PDE),15
151,10)อื่นๆ(PDE),15
152,1)ไม่ได้รับยา(DE),16
153,2)ตัวยาผิด(DE),16
154,3)รูปแบบยาผิด(DE),16
155,4)ขนาดยาผิด(DE),16
156,5)สารน้ำผิด(DE),16
157,6)วิธีใช้ผิด(DE),16
158,7)จำนวนผิด(DE),16
159,8)ผู้ป่วยผิดคนที่ถูกต้องคือHN,16
160,9)ผิดเวลา(DE),16
161,10)อื่นๆ(DE),16
162,1)ไม่ได้รับยา(AE),17
163,2)ตัวยาผิด(AE),17
164,3)รูปแบบยาผิด(AE),17
165,4)ขนาดยาผิด(AE),17
166,5)สารน้ำผิด(AE),17
167,6)วิธีใช้ผิด(AE),17
168,7)จำนวนผิด(AE),17
169,8)ผู้ป่วยผิดคนที่ถูกต้องคือHN,17
170,9)ผิดเวลา(AE),17
171,10)อื่นๆ(AE),17
172,1)ชื่อ - นามสกุล ผิด,18
173,2)ให้แฟ้มผิดคน,18
174,3)ติดสติ๊กเกอร์ผิด,18
175,4)ข้อมูลเกี่ยวกับ อายุ ที่อยู่ สิทธิบัตร ไม่ถูกต้อง,18
176,5)แฟ้มประวัติหาย,18
177,6)เอกสารสำคัญ เช่น บัตรประชาชน แนบผิดแฟ้ม,18
178,7)ใบตรวจรักษาผิดคน,18
